ds,y
01-01-2013,9.590761139
02-01-2013,8.519590316
03-01-2013,8.183676583
04-01-2013,8.072467369
05-01-2013,7.893572074
06-01-2013,7.783640596
07-01-2013,8.414052432
08-01-2013,8.829226355
09-01-2013,8.382518288
10-01-2013,8.069655307
11-01-2013,7.879291485
12-01-2013,7.761744985
13-01-2013,7.529406458
14-01-2013,8.38526052
15-01-2013,8.620110725
16-01-2013,7.852439085
17-01-2013,7.853993087
18-01-2013,8.051978079
19-01-2013,7.926602599
20-01-2013,7.838343316
21-01-2013,9.703144581
22-01-2013,9.385972941
23-01-2013,8.293799609
24-01-2013,8.43468077
25-01-2013,8.262042844
26-01-2013,8.106816039
27-01-2013,7.950149888
28-01-2013,9.509259076
29-01-2013,8.846784667
30-01-2013,8.430545385
31-01-2013,8.248267447
01-02-2013,8.28172399
02-02-2013,8.292798858
03-02-2013,8.199189359
04-02-2013,9.996522419
05-02-2013,10.12707101
06-02-2013,8.933796044
07-02-2013,8.566173814
08-02-2013,8.547722396
09-02-2013,8.399760095
10-02-2013,8.223090551
11-02-2013,8.838986793
12-02-2013,10.89720218
13-02-2013,9.444938073
14-02-2013,8.923324744
15-02-2013,8.543445563
16-02-2013,8.495560891
17-02-2013,8.417372856
18-02-2013,8.572627898
19-02-2013,8.736489351
20-02-2013,8.634086943
21-02-2013,8.673512946
22-02-2013,8.824236617
23-02-2013,8.537975731
24-02-2013,9.698061122
25-02-2013,12.09745684
26-02-2013,10.63527836
27-02-2013,9.691716588
28-02-2013,9.315600883
01-03-2013,8.970813341
02-03-2013,8.589141691
03-03-2013,8.617400452
04-03-2013,8.616314282
05-03-2013,8.215547412
06-03-2013,8.064950892
07-03-2013,8.11342664
08-03-2013,7.799343398
09-03-2013,7.62754439
10-03-2013,7.555905094
11-03-2013,7.71154898
12-03-2013,7.788626066
13-03-2013,7.708410667
14-03-2013,7.768533301
15-03-2013,7.695303135
16-03-2013,7.378383713
17-03-2013,7.910590612
18-03-2013,7.626570206
19-03-2013,7.573531263
20-03-2013,7.567862605
21-03-2013,7.552237288
22-03-2013,7.336936914
23-03-2013,8.12474302
24-03-2013,7.887584032
25-03-2013,7.819636302
26-03-2013,7.383989458
27-03-2013,7.814399634
28-03-2013,7.542213463
29-03-2013,7.548555979
30-03-2013,7.688913337
31-03-2013,7.477038472
01-04-2013,7.358830898
02-04-2013,7.032624261
03-04-2013,7.118016204
04-04-2013,7.349873705
05-04-2013,7.326465614
06-04-2013,7.363913501
07-04-2013,7.277938573
08-04-2013,7.251344983
09-04-2013,7.002155954
10-04-2013,7.163946684
11-04-2013,7.759187439
12-04-2013,7.518607217
13-04-2013,7.41397029
14-04-2013,7.442492723
15-04-2013,7.228388452
16-04-2013,6.991176887
17-04-2013,7.211556733
18-04-2013,7.311218384
19-04-2013,7.349230825
20-04-2013,7.514254653
21-04-2013,7.393263095
22-04-2013,7.286191715
23-04-2013,7.273092596
24-04-2013,7.168579897
25-04-2013,7.611347717
26-04-2013,7.617759577
27-04-2013,7.425953657
28-04-2013,8.182000136
29-04-2013,7.399398083
30-04-2013,7.106606138
01-05-2013,7.080867897
02-05-2013,7.421177529
03-05-2013,7.491645474
04-05-2013,7.385851078
05-05-2013,7.68294317
06-05-2013,7.688913337
07-05-2013,7.259116128
08-05-2013,8.144969417
09-05-2013,8.713910628
10-05-2013,8.091015042
11-05-2013,7.840312983
12-05-2013,7.648739789
13-05-2013,8.020927719
14-05-2013,7.830028083
15-05-2013,7.72753511
16-05-2013,7.835974582
17-05-2013,7.626570206
18-05-2013,7.644440762
19-05-2013,7.548555979
20-05-2013,7.440733707
21-05-2013,7.073269717
22-05-2013,7.026426809
23-05-2013,7.392031568
24-05-2013,7.29301768
25-05-2013,7.361375429
26-05-2013,7.512617545
27-05-2013,7.460490306
28-05-2013,7.114769448
29-05-2013,7.125283092
30-05-2013,7.455876687
31-05-2013,7.317212408
01-06-2013,7.410347098
02-06-2013,7.402451521
03-06-2013,7.294377299
04-06-2013,6.989335266
05-06-2013,6.993015123
06-06-2013,7.431299675
07-06-2013,7.362010551
08-06-2013,7.454719949
09-06-2013,7.368339686
10-06-2013,7.143617603
11-06-2013,6.835184586
12-06-2013,6.89060912
13-06-2013,6.974478911
14-06-2013,7.26612878
15-06-2013,7.270312886
16-06-2013,7.265429723
17-06-2013,7.157735484
18-06-2013,6.865891075
19-06-2013,7.153833802
20-06-2013,7.216709487
21-06-2013,7.201916318
22-06-2013,7.212294469
23-06-2013,7.186144305
24-06-2013,6.820016365
25-06-2013,6.882437471
26-06-2013,7.183111702
27-06-2013,7.242797923
28-06-2013,7.192934221
29-06-2013,7.183870715
30-06-2013,6.970730078
01-07-2013,6.91770561
02-07-2013,7.222566019
03-07-2013,7.356918242
04-07-2013,7.242797923
05-07-2013,7.22329568
06-07-2013,7.163172391
07-07-2013,7.241366283
08-07-2013,6.986566459
09-07-2013,6.963189986
10-07-2013,7.250635512
11-07-2013,7.160845907
12-07-2013,7.132497552
13-07-2013,7.091742115
14-07-2013,7.012115294
15-07-2013,6.857514063
16-07-2013,6.827629235
17-07-2013,7.13009851
18-07-2013,7.277247727
19-07-2013,7.038783541
20-07-2013,6.89060912
21-07-2013,6.957497371
22-07-2013,7.295735073
23-07-2013,7.497207223
24-07-2013,7.310550159
25-07-2013,7.20489251
26-07-2013,7.222566019
27-07-2013,7.257707677
28-07-2013,7.425953657
29-07-2013,7.117205503
30-07-2013,7.249925537
31-07-2013,8.276903481
01-08-2013,7.60638739
02-08-2013,7.643961949
03-08-2013,8.012349639
04-08-2013,7.930206207
05-08-2013,7.508787171
06-08-2013,7.52131798
07-08-2013,7.589841512
08-08-2013,7.500529485
09-08-2013,7.370230642
10-08-2013,7.385230923
11-08-2013,7.302496424
12-08-2013,7.275172319
13-08-2013,7.392031568
14-08-2013,7.516977225
15-08-2013,7.909122183
16-08-2013,7.723120092
17-08-2013,7.670428522
18-08-2013,7.62900389
19-08-2013,7.430707083
20-08-2013,7.579678823
21-08-2013,7.948385285
22-08-2013,7.795646536
23-08-2013,8.007367068
24-08-2013,7.790696031
25-08-2013,7.832807517
26-08-2013,7.51479976
27-08-2013,7.62754439
28-08-2013,7.855157006
29-08-2013,7.964850887
30-08-2013,7.74586823
31-08-2013,8.08085642
01-09-2013,8.25997566
02-09-2013,7.769800996
03-09-2013,8.177515824
04-09-2013,9.281730368
05-09-2013,8.33854488
06-09-2013,7.830425618
07-09-2013,7.808729307
08-09-2013,7.816819966
09-09-2013,7.554858521
10-09-2013,8.555066844
11-09-2013,8.207946941
12-09-2013,8.083637203
13-09-2013,7.791109511
14-09-2013,7.670894831
15-09-2013,7.640123173
16-09-2013,7.550135342
17-09-2013,8.249313746
18-09-2013,8.303999971
19-09-2013,8.126813721
20-09-2013,7.70616297
21-09-2013,7.663877259
22-09-2013,7.526717561
23-09-2013,7.925880317
24-09-2013,7.921535632
25-09-2013,8.033982735
26-09-2013,7.725771442
27-09-2013,7.694392803
28-09-2013,7.449498005
29-09-2013,7.391415235
30-09-2013,7.34601021
01-10-2013,8.101374671
02-10-2013,8.156510226
03-10-2013,7.971085754
04-10-2013,7.872836175
05-10-2013,7.635303886
06-10-2013,7.58781722
07-10-2013,7.342131731
08-10-2013,8.177515824
09-10-2013,8.340933226
10-10-2013,8.476579509
11-10-2013,7.87359779
12-10-2013,7.717351272
13-10-2013,7.490529402
14-10-2013,7.375882148
15-10-2013,8.075582637
16-10-2013,8.165363632
17-10-2013,7.585281079
18-10-2013,7.607381426
19-10-2013,7.267525428
20-10-2013,8.040124664
21-10-2013,8.109224953
22-10-2013,8.806873267
23-10-2013,7.747164967
24-10-2013,7.480992163
25-10-2013,7.346655163
26-10-2013,7.247080585
27-10-2013,7.938088727
28-10-2013,9.035629778
29-10-2013,8.041091004
30-10-2013,7.406103381
31-10-2013,7.973844376
01-11-2013,7.768110379
02-11-2013,7.471363088
03-11-2013,8.030084094
04-11-2013,8.729397123
05-11-2013,7.93701749
06-11-2013,7.665284718
07-11-2013,7.580189418
08-11-2013,7.710653324
09-11-2013,7.261225092
10-11-2013,8.046549357
11-11-2013,8.093462275
12-11-2013,7.767263997
13-11-2013,7.496652438
14-11-2013,7.552237288
15-11-2013,7.497207223
16-11-2013,7.312553498
17-11-2013,7.938802248
18-11-2013,9.058703197
19-11-2013,8.194229305
20-11-2013,7.519149958
21-11-2013,7.551186867
22-11-2013,7.713784617
23-11-2013,7.605890001
24-11-2013,8.499029221
25-11-2013,8.291797105
26-11-2013,7.89469085
27-11-2013,7.790282381
28-11-2013,7.655390645
29-11-2013,7.610357618
30-11-2013,7.531016332
01-12-2013,8.231376046
02-12-2013,8.006700845
03-12-2013,7.858640656
04-12-2013,7.697121317
05-12-2013,7.595889918
06-12-2013,7.73587032
07-12-2013,7.351158226
08-12-2013,8.031385331
09-12-2013,8.394347361
10-12-2013,7.823645931
11-12-2013,8.08671792
12-12-2013,7.77148876
13-12-2013,8.688959234
14-12-2013,7.747164967
15-12-2013,7.960672608
16-12-2013,8.624611588
17-12-2013,7.996653875
18-12-2013,7.620705087
19-12-2013,7.431891917
20-12-2013,7.462789157
21-12-2013,7.448916103
22-12-2013,8.251403065
23-12-2013,8.555259392
24-12-2013,8.315811132
25-12-2013,8.309922989
26-12-2013,7.758760544
27-12-2013,8.808219665
28-12-2013,9.121946221
29-12-2013,10.15381816
30-12-2013,9.267854278
31-12-2013,8.434246271
01-01-2014,8.137688185
02-01-2014,8.04494705
03-01-2014,8.228977643
04-01-2014,8.141189793
05-01-2014,9.215626376
06-01-2014,8.732788325
07-01-2014,8.510168576
08-01-2014,8.104099056
09-01-2014,7.950149888
10-01-2014,7.852050207
11-01-2014,7.656337166
12-01-2014,8.044305407
13-01-2014,8.801017834
14-01-2014,7.829630389
15-01-2014,7.777373603
16-01-2014,7.93522954
17-01-2014,7.672292456
18-01-2014,7.38832786
19-01-2014,7.511524648
20-01-2014,7.663407665
21-01-2014,7.789454566
22-01-2014,7.807916629
23-01-2014,7.824845691
24-01-2014,7.906547232
25-01-2014,7.70210434
26-01-2014,8.477620416
27-01-2014,9.149528233
28-01-2014,8.062117583
29-01-2014,8.06652149
30-01-2014,8.059592329
31-01-2014,8.049427057
01-02-2014,7.762170607
02-02-2014,8.097730574
03-02-2014,8.018296139
04-02-2014,7.616775809
05-02-2014,7.842671475
06-02-2014,7.768533301
07-02-2014,7.530479995
08-02-2014,7.332369206
09-02-2014,7.224024808
10-02-2014,7.416378479
11-02-2014,7.427144133
12-02-2014,7.397561536
13-02-2014,7.495541944
14-02-2014,7.399398083
15-02-2014,7.008505182
16-02-2014,7.118016204
17-02-2014,7.483806688
18-02-2014,7.571473649
19-02-2014,7.648263031
20-02-2014,7.474204806
21-02-2014,7.472500745
22-02-2014,7.211556733
23-02-2014,7.343426229
24-02-2014,7.482118924
25-02-2014,7.410951876
26-02-2014,7.403061091
27-02-2014,7.452982329
28-02-2014,7.423568444
01-03-2014,7.085064294
02-03-2014,7.210818453
03-03-2014,7.356279877
04-03-2014,7.304515946
05-03-2014,7.46565531
06-03-2014,7.869019376
07-03-2014,7.248504072
08-03-2014,7.07834158
09-03-2014,7.221105098
10-03-2014,7.33432935
11-03-2014,7.292337176
12-03-2014,7.299121463
13-03-2014,7.283448229
14-03-2014,7.301822342
15-03-2014,7.062191632
16-03-2014,7.181591945
17-03-2014,7.505492275
18-03-2014,7.874739125
19-03-2014,7.578656851
20-03-2014,7.36707706
21-03-2014,7.257002707
22-03-2014,7.056175284
23-03-2014,7.502738211
24-03-2014,7.443078374
25-03-2014,7.481555702
26-03-2014,7.482118924
27-03-2014,7.519149958
28-03-2014,7.659642955
29-03-2014,7.244227516
30-03-2014,7.232733136
31-03-2014,7.342131731
01-04-2014,7.421177529
02-04-2014,7.492203043
03-04-2014,7.31521839
04-04-2014,7.141245122
05-04-2014,7.009408933
06-04-2014,7.087573706
07-04-2014,7.304515946
08-04-2014,7.374629015
09-04-2014,7.512617545
10-04-2014,7.517520851
11-04-2014,7.374001859
12-04-2014,7.141245122
13-04-2014,7.161622003
14-04-2014,7.484930283
15-04-2014,7.512617545
16-04-2014,7.444833274
17-04-2014,7.474204806
18-04-2014,7.671826798
19-04-2014,7.842278779
20-04-2014,7.924072325
21-04-2014,7.828436359
22-04-2014,7.586803535
23-04-2014,7.629975707
24-04-2014,7.709756864
25-04-2014,7.526717561
26-04-2014,7.193685818
27-04-2014,7.257707677
28-04-2014,7.454141078
29-04-2014,7.481555702
30-04-2014,7.559038255
01-05-2014,7.444833274
02-05-2014,7.337587744
03-05-2014,7.135687347
04-05-2014,7.085064294
05-05-2014,7.272398393
06-05-2014,7.510977752
07-05-2014,7.498869734
08-05-2014,7.444248649
09-05-2014,7.403061091
10-05-2014,6.91671502
11-05-2014,6.977281342
12-05-2014,7.482681828
13-05-2014,7.41397029
14-05-2014,7.372118028
15-05-2014,7.333676396
16-05-2014,7.395107547
17-05-2014,7.036148494
18-05-2014,6.874198495
19-05-2014,6.98471632
20-05-2014,7.455876687
21-05-2014,7.494986234
22-05-2014,7.331060305
23-05-2014,7.104965448
24-05-2014,6.993932975
25-05-2014,6.930494766
26-05-2014,7.218176838
27-05-2014,7.475905969
28-05-2014,7.364547014
29-05-2014,7.239932591
30-05-2014,7.309212366
31-05-2014,7.138867
01-06-2014,6.972606251
02-06-2014,7.188412736
03-06-2014,7.334981879
04-06-2014,7.33432935
05-06-2014,7.432483808
06-06-2014,7.391415235
07-06-2014,6.961296046
08-06-2014,7.021976423
09-06-2014,7.213768308
10-06-2014,7.509883061
11-06-2014,7.328437353
12-06-2014,7.496652438
13-06-2014,7.200424893
14-06-2014,7.084226422
15-06-2014,7.149131599
16-06-2014,7.25629724
17-06-2014,7.198183577
18-06-2014,7.288927695
19-06-2014,7.128495946
20-06-2014,7.082548569
21-06-2014,6.822197391
22-06-2014,6.947937069
23-06-2014,7.112327445
24-06-2014,7.199678346
25-06-2014,7.317212408
26-06-2014,7.098375639
27-06-2014,7.044905117
28-06-2014,7.304515946
29-06-2014,7.793586803
30-06-2014,7.805474625
01-07-2014,7.483244416
02-07-2014,7.356918242
03-07-2014,7.50714108
04-07-2014,7.375255778
05-07-2014,7.196686571
06-07-2014,7.22329568
07-07-2014,7.3524411
08-07-2014,7.317212408
09-07-2014,7.444248649
10-07-2014,7.355641103
11-07-2014,7.324489979
12-07-2014,7.214504414
13-07-2014,7.284134806
14-07-2014,7.54009032
15-07-2014,7.474772182
16-07-2014,7.829232538
17-07-2014,7.681099002
18-07-2014,7.729735331
19-07-2014,7.303170051
20-07-2014,7.282073658
21-07-2014,7.485491608
22-07-2014,7.618742378
23-07-2014,7.693937326
24-07-2014,7.539558829
25-07-2014,7.43838353
26-07-2014,7.273786318
27-07-2014,7.355641103
28-07-2014,7.658227526
29-07-2014,7.843456404
30-07-2014,8.368461138
31-07-2014,8.172164452
01-08-2014,7.811568489
02-08-2014,7.5750717
03-08-2014,7.658699558
04-08-2014,7.866338923
05-08-2014,7.78113851
06-08-2014,7.754910272
07-08-2014,7.708859601
08-08-2014,8.207129168
09-08-2014,7.71154898
10-08-2014,7.734558844
11-08-2014,7.967626739
12-08-2014,8.403800504
13-08-2014,8.292798858
14-08-2014,7.985484357
15-08-2014,8.67180091
16-08-2014,7.782390336
17-08-2014,7.786967003
18-08-2014,7.946617563
19-08-2014,8.173575487
20-08-2014,7.809541325
21-08-2014,7.803026644
22-08-2014,8.051340933
23-08-2014,7.973155433
24-08-2014,7.869019376
25-08-2014,8.16251625
26-08-2014,8.040124664
27-08-2014,7.963460067
28-08-2014,7.838343316
29-08-2014,7.913155186
30-08-2014,7.953318347
31-08-2014,8.076204527
01-09-2014,7.982416347
02-09-2014,8.1285852
03-09-2014,7.954723334
04-09-2014,8.110126802
05-09-2014,8.213652703
06-09-2014,8.046869511
07-09-2014,8.924257021
08-09-2014,8.617219505
09-09-2014,8.519590316
10-09-2014,8.014335737
11-09-2014,8.057694195
12-09-2014,8.104401308
13-09-2014,7.993957548
14-09-2014,8.431853144
15-09-2014,9.738200088
16-09-2014,10.17998228
17-09-2014,8.361941906
18-09-2014,9.948843254
19-09-2014,8.759040728
20-09-2014,8.251663924
21-09-2014,8.078688229
22-09-2014,8.173575487
23-09-2014,7.889084407
24-09-2014,9.099855639
25-09-2014,9.406564834
26-09-2014,9.16440114
27-09-2014,8.487352349
28-09-2014,8.431417414
29-09-2014,8.277666161
30-09-2014,8.312135108
01-10-2014,8.790116893
02-10-2014,10.28003865
03-10-2014,9.075779879
04-10-2014,8.699181359
05-10-2014,9.086589565
06-10-2014,8.861491864
07-10-2014,8.544419178
08-10-2014,8.447628728
09-10-2014,8.252706677
10-10-2014,8.109826276
11-10-2014,8.136810864
12-10-2014,8.726805608
13-10-2014,9.382695764
14-10-2014,8.578288291
15-10-2014,8.238801166
16-10-2014,8.122371243
17-10-2014,8.055157732
18-10-2014,7.832410927
19-10-2014,8.897545599
20-10-2014,8.725669706
21-10-2014,8.564076777
22-10-2014,8.219056661
23-10-2014,8.147577736
24-10-2014,8.001355026
25-10-2014,7.789454566
26-10-2014,8.811950178
27-10-2014,9.002208578
28-10-2014,8.593042504
29-10-2014,8.281977059
30-10-2014,8.465057437
31-10-2014,8.494743063
01-11-2014,8.405143688
02-11-2014,10.55869919
03-11-2014,9.124564595
04-11-2014,8.731820583
05-11-2014,8.528924114
06-11-2014,8.50512061
07-11-2014,8.276394705
08-11-2014,9.123910644
09-11-2014,8.585972707
10-11-2014,8.315566484
11-11-2014,8.66112036
12-11-2014,8.925720274
13-11-2014,8.441391478
14-11-2014,9.227787286
15-11-2014,9.264733856
16-11-2014,9.274910143
17-11-2014,8.392989588
18-11-2014,8.585225602
19-11-2014,8.423761247
20-11-2014,8.337827262
21-11-2014,9.059750013
22-11-2014,9.29825967
23-11-2014,8.761863373
24-11-2014,8.507546814
25-11-2014,8.399310151
26-11-2014,8.523572798
27-11-2014,8.379539026
28-11-2014,9.091106284
29-11-2014,9.76198159
30-11-2014,8.929567708
01-12-2014,8.530701541
02-12-2014,8.587092319
03-12-2014,9.797849221
04-12-2014,8.664750756
05-12-2014,9.17232693
06-12-2014,9.20140053
07-12-2014,9.330520532
08-12-2014,8.684570301
09-12-2014,8.502485563
10-12-2014,8.28878581
11-12-2014,8.298041661
12-12-2014,9.16293425
13-12-2014,9.547954813
14-12-2014,9.017240942
15-12-2014,8.784927626
16-12-2014,8.386628821
17-12-2014,8.334471555
18-12-2014,8.536014946
19-12-2014,8.708639656
20-12-2014,8.730043953
21-12-2014,8.375629627
22-12-2014,8.318986125
23-12-2014,8.464425126
24-12-2014,8.597297436
25-12-2014,8.922791624
26-12-2014,9.491677357
27-12-2014,9.210140352
28-12-2014,8.67795057
29-12-2014,8.602269364
30-12-2014,8.614501374
31-12-2014,8.65886635
01-01-2015,8.779403598
02-01-2015,11.0079328
03-01-2015,9.753245889
04-01-2015,9.225130457
05-01-2015,9.017726026
06-01-2015,8.936955604
07-01-2015,9.009325173
08-01-2015,11.48406292
09-01-2015,10.2642342
10-01-2015,9.694431801
11-01-2015,9.440419814
12-01-2015,9.353747835
13-01-2015,9.228474942
14-01-2015,9.303921786
15-01-2015,10.24017405
16-01-2015,9.915959454
17-01-2015,10.11151747
18-01-2015,9.858594784
19-01-2015,10.11900208
20-01-2015,10.00056889
21-01-2015,11.19145218
22-01-2015,10.46333189
23-01-2015,9.654064192
24-01-2015,9.119758994
25-01-2015,8.795733606
26-01-2015,8.448485993
27-01-2015,8.266678443
28-01-2015,8.218517577
29-01-2015,8.242493153
30-01-2015,8.008032847
31-01-2015,8.045267717
01-02-2015,7.928766322
02-02-2015,7.745002804
03-02-2015,7.866338923
04-02-2015,7.941651253
05-02-2015,8.310414994
06-02-2015,7.828038032
07-02-2015,7.87359779
08-02-2015,7.757051142
09-02-2015,7.726212651
10-02-2015,7.775275846
11-02-2015,7.795234929
12-02-2015,7.749753406
13-02-2015,8.068089626
14-02-2015,8.725832057
15-02-2015,7.654443226
16-02-2015,7.60339934
17-02-2015,7.75319427
18-02-2015,7.770223204
19-02-2015,7.631431665
20-02-2015,7.543802868
21-02-2015,7.604396349
22-02-2015,7.584264818
23-02-2015,7.510977752
24-02-2015,7.674617497
25-02-2015,7.712890961
26-02-2015,7.701652363
27-02-2015,7.638198244
28-02-2015,7.562681247
01-03-2015,7.40367029
02-03-2015,7.466227556
03-03-2015,7.612336837
04-03-2015,7.801800402
05-03-2015,8.028781162
06-03-2015,7.730174795
07-03-2015,7.639642288
08-03-2015,7.563200592
09-03-2015,7.486613313
10-03-2015,7.507690078
11-03-2015,7.65396918
12-03-2015,7.61283103
13-03-2015,7.454141078
14-03-2015,7.36707706
15-03-2015,7.452982329
16-03-2015,7.478734826
17-03-2015,7.985143931
18-03-2015,7.821643126
19-03-2015,7.660585462
20-03-2015,7.559559496
21-03-2015,7.576609767
22-03-2015,7.45007957
23-03-2015,7.498869734
24-03-2015,7.515889085
25-03-2015,7.608374474
26-03-2015,7.586296307
27-03-2015,7.680637428
28-03-2015,7.784889296
29-03-2015,7.552237288
30-03-2015,7.598900457
31-03-2015,7.648263031
01-04-2015,7.669961995
02-04-2015,7.855544678
03-04-2015,8.096512918
04-04-2015,8.921057018
05-04-2015,8.398634855
06-04-2015,7.988203597
07-04-2015,8.002694162
08-04-2015,8.0730912
09-04-2015,7.983098941
10-04-2015,7.846198815
11-04-2015,7.786551806
12-04-2015,7.444833274
13-04-2015,7.542213463
14-04-2015,7.642524134
15-04-2015,7.651120176
16-04-2015,7.511524648
17-04-2015,7.676937146
18-04-2015,7.99125393
19-04-2015,7.441906728
20-04-2015,7.383989458
21-04-2015,7.605890001
22-04-2015,7.586803535
23-04-2015,7.621195163
24-04-2015,7.295735073
25-04-2015,7.488852956
26-04-2015,7.273092596
27-04-2015,7.346655163
28-04-2015,7.473637108
29-04-2015,7.355641103
30-04-2015,7.228388452
01-05-2015,7.396948603
02-05-2015,7.475339237
03-05-2015,7.409741954
04-05-2015,7.34601021
05-05-2015,7.407924323
06-05-2015,7.383989458
07-05-2015,7.380879036
08-05-2015,7.206377291
09-05-2015,7.093404626
10-05-2015,7.109879463
11-05-2015,7.055312843
12-05-2015,7.116394144
13-05-2015,7.192182059
14-05-2015,7.249215057
15-05-2015,7.419380583
16-05-2015,7.562161631
17-05-2015,7.433075349
18-05-2015,7.285506549
19-05-2015,7.935587386
20-05-2015,9.019542997
21-05-2015,7.225481473
22-05-2015,7.027314514
23-05-2015,6.799055862
24-05-2015,5.446737372
25-05-2015,5.323009979
26-05-2015,5.262690189
27-05-2015,6.306275287
28-05-2015,6.652863029
29-05-2015,7.21964204
30-05-2015,7.38832786
31-05-2015,7.138867
01-06-2015,7.043159916
02-06-2015,7.206377291
03-06-2015,7.029972912
04-06-2015,7.007600614
05-06-2015,6.918695219
06-06-2015,6.884486652
07-06-2015,6.137727054
08-06-2015,7.206377291
09-06-2015,7.137278437
10-06-2015,7.054449658
11-06-2015,7.112327445
12-06-2015,6.926577033
13-06-2015,6.814542897
14-06-2015,7.355001921
15-06-2015,7.13169851
16-06-2015,7.077498054
17-06-2015,7.242082359
18-06-2015,7.247080585
19-06-2015,7.646353722
20-06-2015,7.456454555
21-06-2015,7.309881486
22-06-2015,7.237778192
23-06-2015,7.275172319
24-06-2015,7.469083885
25-06-2015,7.450660796
26-06-2015,8.127404563
27-06-2015,7.774855767
28-06-2015,7.52131798
29-06-2015,7.549609165
30-06-2015,7.949797216
01-07-2015,7.797702036
02-07-2015,7.799753318
03-07-2015,7.900266037
04-07-2015,7.858254182
05-07-2015,7.941651253
06-07-2015,7.671360923
07-07-2015,8.135346949
08-07-2015,8.687779492
09-07-2015,8.453187861
10-07-2015,8.064636476
11-07-2015,8.009363077
12-07-2015,7.877397186
13-07-2015,7.855157006
14-07-2015,8.140898461
15-07-2015,7.921172722
16-07-2015,7.97074039
17-07-2015,7.965198291
18-07-2015,8.134760782
19-07-2015,7.798523054
20-07-2015,8.307705967
21-07-2015,8.280711076
22-07-2015,8.744488114
23-07-2015,8.59137259
24-07-2015,8.440528106
25-07-2015,8.509765676
26-07-2015,8.355144739
27-07-2015,8.280964401
28-07-2015,8.440528106
29-07-2015,8.313852267
30-07-2015,8.08085642
31-07-2015,8.185907481
01-08-2015,8.856803357
02-08-2015,8.0730912
03-08-2015,8.141481041
04-08-2015,8.187855444
05-08-2015,8.115221973
06-08-2015,8.159088655
07-08-2015,8.204398418
08-08-2015,8.285008895
09-08-2015,8.082711134
10-08-2015,8.245646901
11-08-2015,8.222016437
12-08-2015,8.451267041
13-08-2015,8.551981017
14-08-2015,8.625150333
15-08-2015,9.131946305
16-08-2015,8.339978572
17-08-2015,9.866200968
18-08-2015,9.270776741
19-08-2015,8.77183541
20-08-2015,8.494743063
21-08-2015,8.616314282
22-08-2015,8.947806093
23-08-2015,9.075779879
24-08-2015,9.500469448
25-08-2015,11.42610316
26-08-2015,9.295508384
27-08-2015,8.617219505
28-08-2015,8.476996002
29-08-2015,8.327726166
30-08-2015,8.303752416
31-08-2015,9.330431852
01-09-2015,9.416134285
02-09-2015,8.922924931
03-09-2015,8.445911989
04-09-2015,8.311152548
05-09-2015,8.270525095
06-09-2015,8.201660191
07-09-2015,9.009814111
08-09-2015,9.309099144
09-09-2015,9.128479345
10-09-2015,8.447414297
11-09-2015,8.25426877
12-09-2015,8.324821299
13-09-2015,8.102889135
14-09-2015,9.159573255
15-09-2015,8.851090688
16-09-2015,9.540578934
17-09-2015,8.490438454
18-09-2015,8.564649133
19-09-2015,8.352318548
20-09-2015,8.104401308
21-09-2015,9.15334665
22-09-2015,10.0752957
23-09-2015,8.718009331
24-09-2015,8.344742754
25-09-2015,8.263074836
26-09-2015,8.256088134
27-09-2015,8.008698183
28-09-2015,8.529714472
29-09-2015,8.861350111
30-09-2015,9.789142351
01-10-2015,8.500250471
02-10-2015,8.405591015
03-10-2015,8.944158831
04-10-2015,8.866581653
05-10-2015,9.014568767
06-10-2015,9.130105979
07-10-2015,10.24650972
08-10-2015,8.589699882
09-10-2015,8.650674583
10-10-2015,8.781248333
11-10-2015,8.33302994
12-10-2015,9.06762407
13-10-2015,9.523324627
14-10-2015,8.709960006
15-10-2015,8.371010681
16-10-2015,8.377701213
17-10-2015,8.400434631
18-10-2015,8.182838711
19-10-2015,8.875007486
20-10-2015,9.210340372
21-10-2015,8.714567551
22-10-2015,8.317521996
23-10-2015,8.559294367
24-10-2015,8.604654467
25-10-2015,8.733755131
26-10-2015,9.540578934
27-10-2015,10.16168932
28-10-2015,8.816705016
29-10-2015,8.314097335
30-10-2015,8.710619528
31-10-2015,8.743691111
01-11-2015,8.392310009
02-11-2015,9.230731062
03-11-2015,10.25611431
04-11-2015,8.913819351
05-11-2015,8.650324504
06-11-2015,8.390041406
07-11-2015,8.309184528
08-11-2015,8.222285074
09-11-2015,9.282381925
10-11-2015,9.92260367
11-11-2015,9.168893182
12-11-2015,8.748304912
13-11-2015,8.815073089
14-11-2015,9.763305522
15-11-2015,8.568836425
16-11-2015,8.926118971
17-11-2015,9.128913373
18-11-2015,9.719564714
19-11-2015,8.781248333
20-11-2015,8.48838211
21-11-2015,8.53640741
22-11-2015,8.144098463
23-11-2015,9.106645136
24-11-2015,9.115699968
25-11-2015,9.684211513
26-11-2015,8.800113947
27-11-2015,8.547528391
28-11-2015,8.32215107
29-11-2015,8.095293777
30-11-2015,8.92345798
01-12-2015,9.379745537
02-12-2015,8.903271586
03-12-2015,8.875566692
04-12-2015,8.441391478
05-12-2015,8.59674347
06-12-2015,9.009691898
07-12-2015,9.398975291
08-12-2015,9.99392223
09-12-2015,9.061492275
10-12-2015,8.971194463
11-12-2015,8.946895524
12-12-2015,9.186969386
13-12-2015,9.098067129
14-12-2015,10.87810379
15-12-2015,9.382695764
16-12-2015,9.198976042
17-12-2015,8.621192781
18-12-2015,8.61323038
19-12-2015,8.695171999
20-12-2015,8.720297287
21-12-2015,9.500319803
22-12-2015,9.34757739
23-12-2015,8.783702699
24-12-2015,8.702177866
25-12-2015,8.682199026
26-12-2015,8.483636408
27-12-2015,8.409162447
28-12-2015,8.973097896
29-12-2015,9.550306498
30-12-2015,8.786303878
31-12-2015,8.608130186
01-01-2016,8.494947582
02-01-2016,8.448700195
03-01-2016,8.191740021
04-01-2016,8.380915173
05-01-2016,9.073947747
06-01-2016,8.356085031
07-01-2016,8.348537825
08-01-2016,8.53503311
09-01-2016,8.434897949
10-01-2016,8.53542596
11-01-2016,8.991686726
12-01-2016,9.777130364
13-01-2016,8.63887971
14-01-2016,8.283241441
15-01-2016,8.273336599
16-01-2016,8.159088655
17-01-2016,7.913521017
18-01-2016,7.840706452
19-01-2016,8.02486215
20-01-2016,7.971430998
21-01-2016,8.477828468
22-01-2016,7.957877358
23-01-2016,8.023552392
24-01-2016,7.549082711
25-01-2016,7.519692404
26-01-2016,7.871692664
27-01-2016,7.681560363
28-01-2016,7.732369222
29-01-2016,7.782390336
30-01-2016,7.656337166
31-01-2016,7.483244416
01-02-2016,7.598900457
02-02-2016,7.786136438
03-02-2016,7.750614733
04-02-2016,7.764720545
05-02-2016,7.704811923
06-02-2016,7.658699558
07-02-2016,7.347299701
08-02-2016,7.544332108
09-02-2016,7.747164967
10-02-2016,7.688913337
11-02-2016,7.770645234
12-02-2016,7.6118424
13-02-2016,7.487733761
14-02-2016,7.557472902
15-02-2016,7.568379268
16-02-2016,7.525639975
17-02-2016,7.661997559
18-02-2016,7.416378479
19-02-2016,7.443663683
20-02-2016,7.316548177
21-02-2016,7.17472431
22-02-2016,7.247792582
23-02-2016,7.41397029
24-02-2016,7.529406458
25-02-2016,7.639642288
26-02-2016,8.269756948
27-02-2016,8.331345425
28-02-2016,7.784473236
29-02-2016,7.480992163
01-03-2016,7.58781722
02-03-2016,7.671826798
03-03-2016,7.59739632
04-03-2016,7.677400431
05-03-2016,7.484368643
06-03-2016,7.261225092
07-03-2016,7.392031568
08-03-2016,7.428333194
09-03-2016,7.557472902
10-03-2016,7.488852956
11-03-2016,7.427144133
12-03-2016,8.215276959
13-03-2016,8.493719835
14-03-2016,8.14322675
15-03-2016,8.121777419
16-03-2016,8.207946941
17-03-2016,8.519789817
18-03-2016,8.574707098
19-03-2016,8.047829357
20-03-2016,7.487733761
21-03-2016,7.566311015
22-03-2016,7.997663127
23-03-2016,8.00836557
24-03-2016,7.914983006
25-03-2016,7.880426344
26-03-2016,7.848933726
27-03-2016,7.508238775
28-03-2016,7.660585462
29-03-2016,8.027476531
30-03-2016,8.100464891
31-03-2016,8.180880942
01-04-2016,8.333510709
02-04-2016,8.641002477
03-04-2016,8.463159303
04-04-2016,8.012018239
05-04-2016,7.795646536
06-04-2016,7.705712824
07-04-2016,7.778630147
08-04-2016,7.812378206
09-04-2016,7.561641746
10-04-2016,7.263329617
11-04-2016,7.355641103
12-04-2016,7.474772182
13-04-2016,7.534228326
14-04-2016,7.629975707
15-04-2016,7.626082758
16-04-2016,7.444833274
17-04-2016,7.119635638
18-04-2016,7.370230642
19-04-2016,7.541152455
20-04-2016,7.513709248
21-04-2016,7.590346946
22-04-2016,7.54802897
23-04-2016,7.368339686
24-04-2016,7.113142109
25-04-2016,7.237059026
26-04-2016,7.487173694
27-04-2016,7.612336837
28-04-2016,8.217168596
29-04-2016,7.6666902
30-04-2016,7.326465614
01-05-2016,7.093404626
02-05-2016,7.139660336
03-05-2016,7.40367029
04-05-2016,7.425953657
05-05-2016,7.437795122
06-05-2016,7.553286606
07-05-2016,7.321849714
08-05-2016,7.103322063
09-05-2016,7.110696123
10-05-2016,7.482118924
11-05-2016,7.545918151
12-05-2016,7.327780538
13-05-2016,7.21964204
14-05-2016,7.363279587
15-05-2016,7.188412736
16-05-2016,7.250635512
17-05-2016,7.45007957
18-05-2016,7.197435354
19-05-2016,7.419380583
20-05-2016,7.379632153
21-05-2016,7.403061091
22-05-2016,7.515889085
23-05-2016,7.637234389
24-05-2016,7.526178913
25-05-2016,7.318539549
26-05-2016,7.382124366
27-05-2016,7.749753406
28-05-2016,7.676009932
29-05-2016,7.26612878
30-05-2016,7.583247524
31-05-2016,7.566828479
01-06-2016,7.560080465
02-06-2016,7.632885505
03-06-2016,7.500529485
04-06-2016,7.423568444
05-06-2016,7.390181428
06-06-2016,7.210079628
07-06-2016,7.945555428
08-06-2016,7.599901959
09-06-2016,7.562681247
10-06-2016,7.6118424
11-06-2016,8.999989642
12-06-2016,8.737933858
13-06-2016,8.267962305
14-06-2016,7.779048645
15-06-2016,7.578656851
16-06-2016,7.605392365
17-06-2016,8.291797105
18-06-2016,7.617759577
19-06-2016,7.358830898
20-06-2016,7.686621335
21-06-2016,7.753623547
22-06-2016,7.779048645
23-06-2016,8.057060682
24-06-2016,7.898411093
25-06-2016,7.797291274
26-06-2016,7.515344571
27-06-2016,7.482681828
28-06-2016,7.886832999
29-06-2016,8.397282895
30-06-2016,8.267705665
01-07-2016,8.236155662
02-07-2016,8.388905171
03-07-2016,9.078864009
04-07-2016,9.632990305
05-07-2016,8.947806093
06-07-2016,8.539345996
07-07-2016,8.347827346
08-07-2016,8.32530603
09-07-2016,8.255568653
10-07-2016,8.097121931
11-07-2016,8.135932772
12-07-2016,8.018954683
13-07-2016,8.086102536
14-07-2016,8.133293861
15-07-2016,8.049746291
16-07-2016,8.190631681
17-07-2016,8.04334217
18-07-2016,8.438149984
19-07-2016,8.107418812
20-07-2016,8.168769824
21-07-2016,8.174702882
22-07-2016,8.291295852
23-07-2016,8.305978211
24-07-2016,8.423102268
25-07-2016,8.756210092
26-07-2016,8.725832057
27-07-2016,8.707482918
28-07-2016,8.510772624
29-07-2016,8.702177866
30-07-2016,8.580543507
31-07-2016,9.225426009
01-08-2016,8.411165787
02-08-2016,8.451907725
03-08-2016,8.77183541
04-08-2016,8.238801166
05-08-2016,8.157083785
06-08-2016,8.03915739
07-08-2016,8.118505068
08-08-2016,9.185637759
09-08-2016,9.152393412
10-08-2016,9.02617712
11-08-2016,9.742261904
12-08-2016,10.08284639
13-08-2016,9.11107237
14-08-2016,9.73878978
15-08-2016,9.614938438
16-08-2016,9.348013177
17-08-2016,8.554296279
18-08-2016,8.449556543
19-08-2016,8.430545385
20-08-2016,8.605387202
21-08-2016,9.219894585
22-08-2016,9.50076867
23-08-2016,9.522300337
24-08-2016,8.478868077
25-08-2016,8.283494126
26-08-2016,8.26898821
27-08-2016,8.283241441
28-08-2016,9.030136571
29-08-2016,10.25255866
30-08-2016,9.166597449
31-08-2016,8.275376375
01-09-2016,8.34664209
02-09-2016,8.42156296
03-09-2016,8.19450551
04-09-2016,8.877660934
05-09-2016,8.994172434
06-09-2016,9.556762939
07-09-2016,8.414495793
08-09-2016,8.311398278
09-09-2016,8.365672384
10-09-2016,8.149023868
11-09-2016,8.968268811
12-09-2016,8.88322423
13-09-2016,8.70450229
14-09-2016,8.232971791
15-09-2016,8.173011312
16-09-2016,8.13446757
17-09-2016,8.834336974
18-09-2016,9.089753409
19-09-2016,9.01079127
20-09-2016,8.717518373
21-09-2016,8.422003004
22-09-2016,8.207129168
23-09-2016,8.054840221
24-09-2016,8.831565879
25-09-2016,10.18274675
26-09-2016,8.809862805
27-09-2016,8.76013937
28-09-2016,8.885025658
29-09-2016,8.561592779
30-09-2016,8.24957515
01-10-2016,9.356602879
02-10-2016,9.127502094
03-10-2016,8.791029857
04-10-2016,8.65347081
05-10-2016,8.743372131
06-10-2016,8.867427439
07-10-2016,8.440096141
08-10-2016,9.375685305
09-10-2016,9.741027445
10-10-2016,8.836228572
11-10-2016,8.461046031
12-10-2016,8.216358332
13-10-2016,8.228443883
14-10-2016,8.047189562
15-10-2016,9.072341874
16-10-2016,9.467614782
17-10-2016,8.986696696
18-10-2016,8.43923165
19-10-2016,8.42398081
20-10-2016,8.588024372
21-10-2016,8.254008591
22-10-2016,8.745125259
23-10-2016,9.495143304
24-10-2016,8.724695047
25-10-2016,8.359603271
26-10-2016,8.763740721
27-10-2016,8.727940222
28-10-2016,8.3854887
29-10-2016,9.313077449
30-10-2016,9.306195858
31-10-2016,9.846758458
01-11-2016,8.796792688
02-11-2016,8.646113971
03-11-2016,8.939843124
04-11-2016,8.843759382
05-11-2016,9.700514208
06-11-2016,9.539140395
07-11-2016,8.908288886
08-11-2016,9.021839764
09-11-2016,9.109635668
10-11-2016,8.871645668
11-11-2016,8.382289429
12-11-2016,9.232297539
13-11-2016,9.852878235
14-11-2016,8.847072313
15-11-2016,8.533460164
16-11-2016,8.588024372
17-11-2016,8.485496105
18-11-2016,8.189799619
19-11-2016,9.496871783
20-11-2016,9.462809689
21-11-2016,8.843470782
22-11-2016,8.363109176
23-11-2016,8.605753368
24-11-2016,6.586171655
25-11-2016,7.635786861
26-11-2016,9.248791558
27-11-2016,8.880724576
28-11-2016,8.696175847
29-11-2016,8.453827316
30-11-2016,8.144679183
01-12-2016,9.076351732
02-12-2016,10.24469854
03-12-2016,9.85828096
04-12-2016,9.187583385
05-12-2016,8.762489547
06-12-2016,8.50167338
07-12-2016,8.655214489
08-12-2016,10.03889219
09-12-2016,9.464362243
10-12-2016,8.973097896
11-12-2016,8.955577146
12-12-2016,8.919453169
13-12-2016,8.726318951
14-12-2016,8.739216115
15-12-2016,10.26196587
16-12-2016,10.56949475
17-12-2016,9.561208489
18-12-2016,9.604002768
19-12-2016,10.08610073
20-12-2016,9.728419624
21-12-2016,9.412055976
22-12-2016,9.8435783
23-12-2016,11.57217502
24-12-2016,10.28171849
25-12-2016,10.16976722
26-12-2016,9.682903224
27-12-2016,9.895505783
28-12-2016,9.37627845
29-12-2016,9.582179752
30-12-2016,10.34145212
31-12-2016,10.33397042
01-01-2017,10.2182253
02-01-2017,9.734062477
03-01-2017,10.18746276
04-01-2017,9.88857694
05-01-2017,11.07508695
06-01-2017,12.67354182
07-01-2017,10.9246967
08-01-2017,10.18153587
09-01-2017,9.863394459
10-01-2017,9.925738161
11-01-2017,9.401539077
12-01-2017,9.334414687
13-01-2017,9.147507063
14-01-2017,8.913953859
15-01-2017,9.180190395
16-01-2017,9.057189192
17-01-2017,8.712759975
18-01-2017,8.403128235
19-01-2017,8.294799359
20-01-2017,9.115919796
21-01-2017,8.951569643
22-01-2017,8.351374707
23-01-2017,8.653819789
24-01-2017,8.642944397
25-01-2017,8.716207971
26-01-2017,8.364973978
27-01-2017,8.373784608
28-01-2017,8.517193191
29-01-2017,8.318254329
30-01-2017,8.395477433
31-01-2017,8.322880022
01-02-2017,8.245646901
02-02-2017,8.631949429
03-02-2017,8.310660906
04-02-2017,8.432941639
05-02-2017,11.64483054
06-02-2017,11.36328792
07-02-2017,10.69294441
08-02-2017,10.33439296
09-02-2017,9.986080851
10-02-2017,10.28209521
11-02-2017,10.19436452
12-02-2017,10.09547062
13-02-2017,10.14686501
14-02-2017,10.14088898
15-02-2017,10.2095374
16-02-2017,10.03368213
17-02-2017,11.08283462
18-02-2017,11.17448329
19-02-2017,10.77928957
20-02-2017,9.947504438
21-02-2017,9.376024288
22-02-2017,8.997765772
23-02-2017,8.83287946
24-02-2017,8.898228986
25-02-2017,8.764678074
26-02-2017,8.541105011
27-02-2017,8.396154863
28-02-2017,8.312380597
01-03-2017,8.341171747
02-03-2017,8.13005904
03-03-2017,8.35819746
04-03-2017,8.355614996
05-03-2017,8.181720455
06-03-2017,8.10952566
07-03-2017,8.064636476
08-03-2017,7.823245691
09-03-2017,7.854769183
10-03-2017,8.101677747
11-03-2017,8.090402297
12-03-2017,7.989899375
13-03-2017,8.098946749
14-03-2017,8.653819789
15-03-2017,8.041091004
16-03-2017,8.049746291
17-03-2017,8.221478947
18-03-2017,8.170751424
19-03-2017,8.335431478
20-03-2017,8.256607345
21-03-2017,8.057694195
22-03-2017,7.707961532
23-03-2017,7.917171989
24-03-2017,8.260234292
25-03-2017,8.288031568
26-03-2017,8.368693183
27-03-2017,8.633552993
28-03-2017,9.272469743
29-03-2017,8.675563527
30-03-2017,8.483429561
31-03-2017,8.171882006
01-04-2017,8.206583614
02-04-2017,8.188966864
03-04-2017,8.030734924
04-04-2017,8.054840221
05-04-2017,9.155144737
06-04-2017,8.833316937
07-04-2017,8.349720837
08-04-2017,8.18339737
09-04-2017,7.956476798
10-04-2017,7.869401713
11-04-2017,7.709308333
12-04-2017,7.819234454
13-04-2017,7.832410927
14-04-2017,7.886832999
15-04-2017,8.037866235
16-04-2017,7.952615112
17-04-2017,7.767687277
18-04-2017,7.478169694
19-04-2017,7.539027056
20-04-2017,7.997999318
21-04-2017,8.309676896
22-04-2017,8.028781162
23-04-2017,7.790282381
24-04-2017,7.761744985
25-04-2017,7.476472381
26-04-2017,7.639642288
27-04-2017,7.655864018
28-04-2017,7.819636302
29-04-2017,7.813591553
30-04-2017,7.990576882
01-05-2017,7.812782819
02-05-2017,7.657755271
03-05-2017,7.694392803
04-05-2017,7.841492924
05-05-2017,7.933438388
06-05-2017,7.651120176
07-05-2017,7.723562472
08-05-2017,7.880048201
09-05-2017,7.940939762
10-05-2017,7.758760544
11-05-2017,7.63336965
12-05-2017,7.848543482
13-05-2017,7.897296473
14-05-2017,7.722234745
15-05-2017,7.712443834
16-05-2017,7.539558829
17-05-2017,7.911690521
18-05-2017,7.80139132
19-05-2017,8.401333305
20-05-2017,8.181440696
21-05-2017,7.862882035
22-05-2017,7.924072325
23-05-2017,7.566828479
24-05-2017,7.519149958
25-05-2017,7.648739789
26-05-2017,7.770645234
27-05-2017,7.609862201
28-05-2017,7.591861715
29-05-2017,7.539027056
30-05-2017,7.34536484
31-05-2017,7.463363046
01-06-2017,7.51479976
02-06-2017,7.642524134
03-06-2017,7.676009932
04-06-2017,7.557994959
05-06-2017,7.688913337
06-06-2017,7.60638739
07-06-2017,7.582229194
08-06-2017,7.7419679
09-06-2017,7.782390336
10-06-2017,8.006367568
11-06-2017,8.651024539
12-06-2017,8.403576465
13-06-2017,8.385032288
14-06-2017,8.028129059
15-06-2017,7.957877358
16-06-2017,7.99530662
17-06-2017,7.992268643
18-06-2017,7.935945103
19-06-2017,7.987864096
20-06-2017,7.783640596
21-06-2017,7.808729307
22-06-2017,8.053251154
23-06-2017,7.97590836
24-06-2017,8.122371243
25-06-2017,8.559869466
26-06-2017,8.927446816
27-06-2017,8.285765421
28-06-2017,8.283999304
29-06-2017,8.163371316
30-06-2017,7.914252279
01-07-2017,7.864419905
02-07-2017,8.072155308
03-07-2017,8.080237416
04-07-2017,8.120886021
05-07-2017,8.113127104
06-07-2017,8.144388866
07-07-2017,8.064636476
08-07-2017,7.944846711
09-07-2017,8.24143969
10-07-2017,9.007367027
11-07-2017,8.662331957
12-07-2017,8.800565992
13-07-2017,8.374246182
14-07-2017,8.564076777
15-07-2017,8.384347278
16-07-2017,8.126518169
17-07-2017,8.390722527
18-07-2017,8.335191583
19-07-2017,8.927844826
20-07-2017,9.00797936
21-07-2017,8.378160983
22-07-2017,8.203304027
23-07-2017,8.385716829
24-07-2017,8.311152548
25-07-2017,8.741456116
26-07-2017,9.442958894
27-07-2017,9.145908512
28-07-2017,8.589513853
29-07-2017,8.464846711
30-07-2017,8.365905077
31-07-2017,8.565411764
01-08-2017,8.472405009
02-08-2017,8.966483779
03-08-2017,8.560061092
04-08-2017,8.469052816
05-08-2017,8.743850562
06-08-2017,10.01382068
07-08-2017,8.691146499
08-08-2017,8.780941114
09-08-2017,9.839002363
10-08-2017,11.61494039
11-08-2017,9.628655892
12-08-2017,8.782936356
13-08-2017,8.681181042
14-08-2017,9.000976444
15-08-2017,8.746239288
16-08-2017,9.807251945
17-08-2017,9.612667228
18-08-2017,10.59209946
19-08-2017,8.75542238
20-08-2017,8.560635749
21-08-2017,9.40516675
22-08-2017,8.458079927
23-08-2017,9.54959445
24-08-2017,9.606024468
25-08-2017,8.677269139
26-08-2017,8.171034189
27-08-2017,8.24143969
28-08-2017,8.510973892
29-08-2017,8.323608442
30-08-2017,9.25922577
31-08-2017,9.849664746
01-09-2017,8.833171133
02-09-2017,8.497806478
03-09-2017,8.634086943
04-09-2017,9.042276687
05-09-2017,8.550047528
06-09-2017,9.81809305
07-09-2017,9.902086572
08-09-2017,8.916371915
09-09-2017,8.332067707
10-09-2017,8.236685323
11-09-2017,8.40178234
12-09-2017,8.24170316
13-09-2017,9.035629778
14-09-2017,9.104090572
15-09-2017,10.83214154
16-09-2017,8.778787929
17-09-2017,8.480114183
18-09-2017,8.48941081
19-09-2017,8.250620082
20-09-2017,9.543449818
21-09-2017,9.097171674
22-09-2017,8.669399124
23-09-2017,8.349247801
24-09-2017,8.340694648
25-09-2017,8.494743063
26-09-2017,8.533263372
27-09-2017,9.219795531
28-09-2017,10.44429907
29-09-2017,8.87696334
30-09-2017,8.681859813
01-10-2017,8.498214225
02-10-2017,8.568456485
03-10-2017,8.458716262
04-10-2017,9.718181547
05-10-2017,9.687009239
06-10-2017,8.830104318
07-10-2017,8.387995253
08-10-2017,8.498418036
09-10-2017,8.847216104
10-10-2017,8.280964401
11-10-2017,9.26492325
12-10-2017,9.111734768
13-10-2017,8.706821323
14-10-2017,8.331827004
15-10-2017,8.366602833
16-10-2017,8.276903481
17-10-2017,8.129469765
18-10-2017,9.179159254
19-10-2017,9.685580268
20-10-2017,8.655214489
21-10-2017,8.294549515
22-10-2017,8.652248422
23-10-2017,8.929700114
24-10-2017,8.395929104
25-10-2017,9.467537463
26-10-2017,9.889794225
27-10-2017,8.849227021
28-10-2017,8.614319902
29-10-2017,8.481566014
30-10-2017,8.749098248
31-10-2017,8.653645315
01-11-2017,9.348274558
02-11-2017,9.676837862
03-11-2017,9.642901706
04-11-2017,8.728911725
05-11-2017,8.778941882
06-11-2017,9.96057652
07-11-2017,8.73777346
08-11-2017,9.252633284
09-11-2017,9.266248004
10-11-2017,9.427304872
11-11-2017,8.793005091
12-11-2017,8.703008637
13-11-2017,8.439447843
14-11-2017,8.291045131
15-11-2017,9.313257906
16-11-2017,9.347926035
17-11-2017,8.791486027
18-11-2017,8.518991573
19-11-2017,8.41294317
20-11-2017,8.296795866
21-11-2017,8.212568398
22-11-2017,9.256555796
23-11-2017,9.652265977
24-11-2017,8.637462024
25-11-2017,8.60776489
26-11-2017,8.965334574
27-11-2017,8.683724062
28-11-2017,8.532672762
29-11-2017,9.490166668
30-11-2017,10.14285872
01-12-2017,9.111624399
02-12-2017,9.085003881
03-12-2017,9.055089087
04-12-2017,9.336267929
05-12-2017,9.23960787
06-12-2017,10.13273245
07-12-2017,9.49122439
08-12-2017,9.112286432
09-12-2017,9.063578991
10-12-2017,8.972971113
11-12-2017,9.1454818
12-12-2017,10.54186171
13-12-2017,11.50752089
14-12-2017,10.19316763
15-12-2017,9.279959714
16-12-2017,8.846353043
17-12-2017,8.7326271
18-12-2017,8.655040258
19-12-2017,8.454466362
20-12-2017,8.963672276
21-12-2017,10.02109279
22-12-2017,9.005650499
23-12-2017,8.86092473
24-12-2017,8.585225602
25-12-2017,8.536211197
26-12-2017,8.458504195
27-12-2017,8.534443545
28-12-2017,10.10422188
29-12-2017,8.650674583
30-12-2017,8.51218065
31-12-2017,8.485496105
01-01-2018,8.577911926
02-01-2018,8.549853974
03-01-2018,9.606226414
04-01-2018,10.02619179
05-01-2018,8.870241567
06-01-2018,8.527935288
07-01-2018,8.383433201
08-01-2018,8.200837258
09-01-2018,8.092851028
10-01-2018,8.038834758
11-01-2018,8.086410275
12-01-2018,8.03657341
13-01-2018,7.975220839
14-01-2018,7.842671475
15-01-2018,7.893572074
16-01-2018,7.817625443
17-01-2018,7.82284529
18-01-2018,7.967280179
19-01-2018,8.006700845
20-01-2018,7.911324019
21-01-2018,7.851661178
22-01-2018,7.87207398
23-01-2018,7.753623547
24-01-2018,7.68294317
25-01-2018,7.843848638
26-01-2018,8.191463051
27-01-2018,7.97831097
28-01-2018,7.923348212
29-01-2018,7.871311203
30-01-2018,7.743703258
31-01-2018,7.778630147
01-02-2018,7.835183755
02-02-2018,7.838343316
03-02-2018,7.846198815
04-02-2018,7.920446505
05-02-2018,7.757906208
06-02-2018,7.586296307
07-02-2018,7.51479976
08-02-2018,7.757906208
09-02-2018,7.803435057
10-02-2018,8.078998259
11-02-2018,8.380685947
12-02-2018,8.064321961
13-02-2018,7.852827812
14-02-2018,7.903965634
15-02-2018,7.844632644
16-02-2018,7.889459149
17-02-2018,8.225503098
18-02-2018,8.540714386
19-02-2018,8.019283793
20-02-2018,7.831220215
21-02-2018,8.433159196
22-02-2018,8.096208272
23-02-2018,7.866338923
24-02-2018,7.779048645
25-02-2018,7.773594467
26-02-2018,7.772752716
27-02-2018,7.768110379
28-02-2018,7.480992163
01-03-2018,7.743703258
02-03-2018,7.596392304
03-03-2018,7.680637428
04-03-2018,7.538494999
05-03-2018,7.45007957
06-03-2018,7.443078374
07-03-2018,7.548555979
08-03-2018,7.640603826
09-03-2018,7.676473646
10-03-2018,7.567345676
11-03-2018,8.076826031
12-03-2018,7.701200181
13-03-2018,7.368339686
14-03-2018,7.366445148
15-03-2018,7.486613313
16-03-2018,7.574045005
17-03-2018,7.568895663
18-03-2018,7.639642288
19-03-2018,7.853216388
20-03-2018,7.311886164
21-03-2018,7.536363938
22-03-2018,7.682482447
23-03-2018,7.731930722
24-03-2018,8.012018239
25-03-2018,7.980365765
26-03-2018,8.171316875
27-03-2018,7.977968093
28-03-2018,7.794823152
29-03-2018,8.304247465
30-03-2018,8.056426768
31-03-2018,7.777792626
01-04-2018,8.228977643
02-04-2018,7.900636613
03-04-2018,7.461640392
04-04-2018,7.549082711
05-04-2018,7.816819966
06-04-2018,7.722234745
07-04-2018,7.715569535
08-04-2018,7.726212651
09-04-2018,7.58171964
10-04-2018,7.265429723
11-04-2018,7.301147806
12-04-2018,7.474204806
13-04-2018,7.588829878
14-04-2018,7.61085279
15-04-2018,7.647786045
16-04-2018,7.60190196
17-04-2018,7.254177846
18-04-2018,7.180069874
19-04-2018,7.377133713
20-04-2018,7.5750717
21-04-2018,7.50714108
22-04-2018,7.585788822
23-04-2018,7.40731771
24-04-2018,7.030857476
25-04-2018,7.150701458
26-04-2018,7.254177846
27-04-2018,7.450660796
28-04-2018,7.551186867
29-04-2018,7.61332498
30-04-2018,7.427144133
01-05-2018,7.350516172
02-05-2018,7.288244401
03-05-2018,7.434847875
04-05-2018,7.537430037
05-05-2018,7.3524411
06-05-2018,7.282073658
07-05-2018,7.303170051
08-05-2018,7.293697721
09-05-2018,7.229838778
10-05-2018,7.5750717
11-05-2018,7.974188669
12-05-2018,7.615791072
13-05-2018,7.474204806
14-05-2018,7.33432935
15-05-2018,7.319202459
16-05-2018,7.404887576
17-05-2018,7.424761762
18-05-2018,7.470224136
19-05-2018,7.367708572
20-05-2018,7.284134806
21-05-2018,7.325807503
22-05-2018,7.290974778
23-05-2018,7.19142933
24-05-2018,7.289610521
25-05-2018,7.332369206
26-05-2018,7.395721609
27-05-2018,7.567345676
28-05-2018,7.621195163
29-05-2018,7.268920128
30-05-2018,7.26961675
31-05-2018,7.307872781
01-06-2018,7.281385664
02-06-2018,7.321188557
03-06-2018,7.512071246
04-06-2018,7.500529485
05-06-2018,7.113142109
06-06-2018,7.142036575
07-06-2018,7.323830566
08-06-2018,7.428927195
09-06-2018,7.528869257
10-06-2018,7.419979924
11-06-2018,7.473069088
12-06-2018,7.337587744
13-06-2018,7.35436233
14-06-2018,7.582738489
15-06-2018,7.626082758
16-06-2018,7.759614151
17-06-2018,7.940583827
18-06-2018,7.590852124
19-06-2018,7.418180823
20-06-2018,7.411556288
21-06-2018,7.597897951
22-06-2018,6.635946556
23-06-2018,7.647308832
24-06-2018,7.827639546
25-06-2018,7.63385356
26-06-2018,8.530306831
27-06-2018,8.529516941
28-06-2018,7.851271997
29-06-2018,7.795646536
30-06-2018,7.582229194
01-07-2018,7.438971592
02-07-2018,7.638679824
03-07-2018,7.527255919
04-07-2018,7.724888439
05-07-2018,7.913521017
06-07-2018,8.659560433
07-07-2018,8.295798111
08-07-2018,8.132412675
09-07-2018,7.92551898
10-07-2018,7.828436359
11-07-2018,7.844240718
12-07-2018,7.776954403
13-07-2018,7.766840537
14-07-2018,7.789868559
15-07-2018,7.693937326
16-07-2018,7.715569535
17-07-2018,8.152774053
18-07-2018,8.252967195
19-07-2018,7.941295571
20-07-2018,7.809541325
21-07-2018,7.819234454
22-07-2018,7.812378206
23-07-2018,7.54538975
24-07-2018,8.47428569
25-07-2018,7.791935957
26-07-2018,7.668093709
27-07-2018,7.805474625
28-07-2018,7.967280179
29-07-2018,7.994294986
30-07-2018,7.809541325
31-07-2018,8.703174709
01-08-2018,7.967280179
02-08-2018,8.096208272
03-08-2018,8.037866235
04-08-2018,8.580167991
05-08-2018,10.87185827
06-08-2018,9.192481854
07-08-2018,9.150696519
08-08-2018,9.823198981
09-08-2018,8.768885326
10-08-2018,8.508555998
11-08-2018,8.72972059
12-08-2018,8.921457579
13-08-2018,8.529911964
14-08-2018,10.41598178
15-08-2018,10.33698927
16-08-2018,9.146441646
17-08-2018,8.508757713
18-08-2018,8.386172929
19-08-2018,8.361007108
20-08-2018,8.129764446
21-08-2018,8.731981938
22-08-2018,8.735846677
23-08-2018,10.81969828
24-08-2018,10.65909297
25-08-2018,9.849453664
26-08-2018,8.888204871
27-08-2018,8.927712174
28-08-2018,9.6673854
29-08-2018,10.16350291
30-08-2018,9.337941717
31-08-2018,9.177197153
01-09-2018,8.879054662
02-09-2018,8.578664514
03-09-2018,8.730043953
04-09-2018,9.953324787
05-09-2018,10.23874477
06-09-2018,9.203114327
07-09-2018,8.747193184
08-09-2018,8.775549434
09-09-2018,9.209840247
10-09-2018,8.528133131
11-09-2018,9.057655284
12-09-2018,9.422948621
13-09-2018,9.029178143
14-09-2018,9.097731428
15-09-2018,9.448096636
16-09-2018,9.112507012
17-09-2018,8.80267284
18-09-2018,9.208438565
19-09-2018,11.04708914
20-09-2018,9.327589932
21-09-2018,8.678801707
22-09-2018,8.576593535
23-09-2018,8.435983136
24-09-2018,8.19007705
25-09-2018,9.060447282
26-09-2018,9.270305953
27-09-2018,8.50167338
28-09-2018,8.18729927
29-09-2018,8.095903533
30-09-2018,8.04334217
01-10-2018,7.952615112
02-10-2018,8.399085103
03-10-2018,8.791029857
04-10-2018,8.303009381
05-10-2018,8.119100838
06-10-2018,8.230310799
07-10-2018,8.157657015
08-10-2018,7.829232538
09-10-2018,8.573951525
10-10-2018,9.611328808
11-10-2018,8.92385758
12-10-2018,8.365439636
13-10-2018,8.311889558
14-10-2018,8.631414336
15-10-2018,8.453827316
16-10-2018,8.905851181
17-10-2018,10.86748214
18-10-2018,9.155144737
19-10-2018,8.439447843
20-10-2018,8.443546651
21-10-2018,8.572627898
22-10-2018,8.372398607
23-10-2018,8.736007385
24-10-2018,10.38850294
25-10-2018,8.708804795
26-10-2018,8.195333667
27-10-2018,8.221478947
28-10-2018,8.27512163
29-10-2018,8.169902647
30-10-2018,8.822322177
31-10-2018,9.805433612
01-11-2018,9.38907216
02-11-2018,8.981304495
03-11-2018,8.579228582
04-11-2018,8.487764381
05-11-2018,8.721928343
06-11-2018,8.918248591
07-11-2018,9.651622973
08-11-2018,8.864746661
09-11-2018,8.509362612
10-11-2018,8.631771096
11-11-2018,9.202711345
12-11-2018,8.903815212
13-11-2018,9.026537719
14-11-2018,9.237663668
15-11-2018,8.895081532
16-11-2018,8.642944397
17-11-2018,8.129764446
18-11-2018,8.291797105
19-11-2018,8.098034756
20-11-2018,9.518780498
21-11-2018,9.904686833
22-11-2018,8.937349848
23-11-2018,8.578852572
24-11-2018,8.715880102
25-11-2018,8.488999457
26-11-2018,8.505727713
27-11-2018,9.300089664
28-11-2018,10.14615918
29-11-2018,9.177093778
30-11-2018,8.835646923
01-12-2018,8.83287946
02-12-2018,8.92305822
03-12-2018,8.893298144
04-12-2018,8.602636673
05-12-2018,8.991437815
06-12-2018,8.806873267
07-12-2018,8.854093908
08-12-2018,8.931023216
09-12-2018,8.852807918
10-12-2018,10.69330762
11-12-2018,11.30756044
12-12-2018,9.837454582
13-12-2018,9.605081517
14-12-2018,9.745370684
15-12-2018,9.67564548
16-12-2018,9.434683204
17-12-2018,11.50362232
18-12-2018,11.97677897
19-12-2018,10.54257446
20-12-2018,10.00428266
21-12-2018,9.732817848
22-12-2018,9.866460432
23-12-2018,9.370927437
24-12-2018,9.490544555
25-12-2018,10.13915238
26-12-2018,9.999842641
27-12-2018,10.03271595
28-12-2018,10.38037369
29-12-2018,10.453053
30-12-2018,10.24013834
31-12-2018,11.76051965
01-01-2019,12.84674689
02-01-2019,10.76688371
03-01-2019,9.845222644
04-01-2019,9.29035231
05-01-2019,9.103311799
06-01-2019,8.795733606
07-01-2019,8.623353387
08-01-2019,8.418256444
09-01-2019,8.310906757
10-01-2019,8.236155662
11-01-2019,8.13123655
12-01-2019,7.927685046
13-01-2019,7.759187439
14-01-2019,7.726653665
15-01-2019,7.835183755
16-01-2019,7.884199934
17-01-2019,7.914617709
18-01-2019,7.92551898
19-01-2019,7.75319427
20-01-2019,7.508787171
21-01-2019,7.557472902
22-01-2019,7.802618063
23-01-2019,7.68386398
24-01-2019,7.984462732
25-01-2019,7.851661178
26-01-2019,7.684783944
27-01-2019,7.337587744
28-01-2019,7.40367029
29-01-2019,7.86787149
30-01-2019,7.898411093
31-01-2019,7.584264818
01-02-2019,7.714231145
02-02-2019,7.889459149
03-02-2019,7.325807503
04-02-2019,7.488852956
05-02-2019,7.553810852
06-02-2019,7.669961995
07-02-2019,7.988203597
08-02-2019,8.004365565
09-02-2019,7.651120176
10-02-2019,7.486613313
11-02-2019,7.449498005
12-02-2019,7.595387279
13-02-2019,7.609862201
14-02-2019,7.54802897
15-02-2019,7.617759577
16-02-2019,7.595387279
17-02-2019,7.346655163
18-02-2019,7.401231264
19-02-2019,8.093156698
20-02-2019,7.923710334
21-02-2019,7.690743164
22-02-2019,8.43901541
23-02-2019,7.782390336
24-02-2019,7.308542798
25-02-2019,7.261927093
26-02-2019,7.437206367
27-02-2019,7.54009032
28-02-2019,7.585281079
01-03-2019,7.608870629
02-03-2019,7.464509835
03-03-2019,7.156956365
04-03-2019,7.487733761
05-03-2019,7.448916103
06-03-2019,7.470224136
07-03-2019,7.436027816
08-03-2019,7.521859252
09-03-2019,7.410347098
10-03-2019,7.156176637
11-03-2019,7.138073034
12-03-2019,7.36264527
13-03-2019,7.516977225
14-03-2019,7.617267814
15-03-2019,7.495541944
16-03-2019,7.392031568
17-03-2019,7.17472431
18-03-2019,8.091321274
19-03-2019,7.515344571
20-03-2019,7.845807503
21-03-2019,7.691200098
22-03-2019,7.834788107
23-03-2019,7.677400431
24-03-2019,7.248504072
25-03-2019,7.402451521
26-03-2019,7.694392803
27-03-2019,7.826044014
28-03-2019,7.6118424
29-03-2019,7.513709248
30-03-2019,7.676009932
31-03-2019,7.240649694
01-04-2019,7.655390645
02-04-2019,8.139440522
03-04-2019,8.374938144
04-04-2019,7.901747519
05-04-2019,8.023879993
06-04-2019,8.750207863
07-04-2019,8.081784207
08-04-2019,7.704361168
09-04-2019,7.868254266
10-04-2019,7.819636302
11-04-2019,7.760893196
12-04-2019,7.667158255
13-04-2019,7.634337236
14-04-2019,7.351158226
15-04-2019,7.589335823
16-04-2019,7.910223707
17-04-2019,7.854769183
18-04-2019,7.646831391
19-04-2019,7.491645474
20-04-2019,7.523481313
21-04-2019,7.035268599
22-04-2019,7.065613364
23-04-2019,7.229838778
24-04-2019,7.508238775
25-04-2019,8.311643949
26-04-2019,8.014004995
27-04-2019,7.497207223
28-04-2019,7.831617276
29-04-2019,7.151485464
30-04-2019,7.410951876
01-05-2019,7.630946581
02-05-2019,7.475905969
03-05-2019,7.588323677
04-05-2019,7.24636808
05-05-2019,7.103322063
06-05-2019,7.104144093
07-05-2019,7.192934221
08-05-2019,7.401231264
09-05-2019,7.439559309
10-05-2019,7.707961532
11-05-2019,7.350516172
12-05-2019,7.322510434
13-05-2019,7.285506549
14-05-2019,7.367708572
15-05-2019,7.267525428
16-05-2019,7.224753406
17-05-2019,7.222566019
18-05-2019,7.351799869
19-05-2019,6.975413927
20-05-2019,7.043159916
21-05-2019,7.480992163
22-05-2019,7.203405521
23-05-2019,7.224024808
24-05-2019,7.113142109
25-05-2019,7.079184395
26-05-2019,6.88550967
27-05-2019,6.874198495
28-05-2019,7.723120092
29-05-2019,7.496652438
30-05-2019,7.224024808
31-05-2019,7.272398393
01-06-2019,7.079184395
02-06-2019,6.854354502
03-06-2019,6.930494766
04-06-2019,7.156176637
05-06-2019,7.314552832
06-06-2019,7.226936018
07-06-2019,7.656810091
08-06-2019,7.54009032
09-06-2019,7.210079628
10-06-2019,7.249925537
11-06-2019,7.294377299
12-06-2019,7.519149958
13-06-2019,7.422373701
14-06-2019,8.223627176
15-06-2019,7.492760301
16-06-2019,7.224753406
17-06-2019,7.25629724
18-06-2019,7.448916103
19-06-2019,7.655390645
20-06-2019,7.671360923
21-06-2019,7.924072325
22-06-2019,7.800982071
23-06-2019,7.456454555
24-06-2019,7.36264527
25-06-2019,8.213110698
26-06-2019,8.236420527
27-06-2019,7.921535632
28-06-2019,7.745002804
29-06-2019,7.578145472
30-06-2019,7.566828479
01-07-2019,7.658227526
02-07-2019,8.270781013
03-07-2019,7.803026644
04-07-2019,7.622663951
05-07-2019,7.700295203
06-07-2019,8.058643712
07-07-2019,7.641084249
08-07-2019,7.836369761
09-07-2019,8.373553741
10-07-2019,8.609407675
11-07-2019,8.177234886
12-07-2019,8.036896773
13-07-2019,7.953318347
14-07-2019,7.784889296
15-07-2019,8.073714641
16-07-2019,8.280457687
17-07-2019,8.199189359
18-07-2019,8.000349495
19-07-2019,7.887208586
20-07-2019,7.83715965
21-07-2019,7.979681302
22-07-2019,8.518392472
23-07-2019,8.356319966
24-07-2019,7.932362154
25-07-2019,7.836764783
26-07-2019,8.537191878
27-07-2019,8.026496939
28-07-2019,7.972810784
29-07-2019,8.374476889
30-07-2019,8.253227646
31-07-2019,8.445911989
01-08-2019,8.49269556
02-08-2019,8.839131753
03-08-2019,8.07589363
04-08-2019,8.750207863
05-08-2019,10.70241266
06-08-2019,10.05997835
07-08-2019,8.793156871
08-08-2019,8.714403361
09-08-2019,9.056256357
10-08-2019,8.621553207
11-08-2019,9.961426217
12-08-2019,9.70856696
13-08-2019,9.196444267
14-08-2019,8.614319902
15-08-2019,8.889032572
16-08-2019,9.016270068
17-08-2019,8.199189359
18-08-2019,9.162199997
19-08-2019,9.607504455
20-08-2019,8.442900587
21-08-2019,8.157370441
22-08-2019,8.184513753
23-08-2019,8.838986793
24-08-2019,8.212839585
25-08-2019,8.336150816
26-08-2019,8.590443653
27-08-2019,8.701346403
28-08-2019,8.266421473
29-08-2019,8.274611946
30-08-2019,8.366370302
31-08-2019,8.035278911
01-09-2019,9.231514607
02-09-2019,9.964676721
03-09-2019,8.845489237
04-09-2019,8.672999643
05-09-2019,8.400659375
06-09-2019,8.580355766
07-09-2019,8.02059915
08-09-2019,9.107532152
09-09-2019,9.438352055
10-09-2019,8.501267041
11-09-2019,8.313361951
12-09-2019,8.325548307
13-09-2019,8.476371197
14-09-2019,8.201111644
15-09-2019,8.700514249
16-09-2019,11.27446521
17-09-2019,9.607571675
18-09-2019,8.878636747
19-09-2019,8.765926514
20-09-2019,9.856395945
21-09-2019,8.434246271
22-09-2019,8.803424212
23-09-2019,9.381769488
24-09-2019,8.76029622
25-09-2019,8.555066844
26-09-2019,8.46884293
27-09-2019,8.531293316
28-09-2019,8.045588281
29-09-2019,9.090204571
30-09-2019,9.454148924
01-10-2019,9.059052258
02-10-2019,8.259458195
03-10-2019,8.189522111
04-10-2019,8.195333667
05-10-2019,7.693937326
06-10-2019,8.290041619
07-10-2019,9.032886947
08-10-2019,8.382747095
09-10-2019,8.217978203
10-10-2019,8.12474302
11-10-2019,8.046869511
12-10-2019,7.573017256
13-10-2019,8.398634855
14-10-2019,8.711443319
15-10-2019,8.251142139
16-10-2019,7.992268643
17-10-2019,8.005367067
18-10-2019,8.08085642
19-10-2019,7.528331767
20-10-2019,8.202482447
21-10-2019,9.074406095
22-10-2019,8.214735833
23-10-2019,7.96797318
24-10-2019,8.128290172
25-10-2019,7.953669779
26-10-2019,7.6666902
27-10-2019,7.965545573
28-10-2019,9.142168592
29-10-2019,8.287025025
30-10-2019,8.283241441
31-10-2019,8.301025254
01-11-2019,8.387995253
02-11-2019,7.709756864
03-11-2019,8.111027838
04-11-2019,8.745602852
05-11-2019,8.391403185
06-11-2019,8.119696253
07-11-2019,8.235890726
08-11-2019,8.106816039
09-11-2019,7.711996507
10-11-2019,8.425297177
11-11-2019,8.849370504
12-11-2019,8.493105396
13-11-2019,8.174139343
14-11-2019,8.102283624
15-11-2019,7.833600224
16-11-2019,7.522940918
17-11-2019,7.910223707
18-11-2019,8.365439636
19-11-2019,9.060563447
20-11-2019,8.179199798
21-11-2019,8.016317899
22-11-2019,8.103191752
23-11-2019,7.814399634
24-11-2019,8.387995253
25-11-2019,8.74814617
26-11-2019,8.312871394
27-11-2019,7.923348212
28-11-2019,7.846589975
29-11-2019,8.30201781
30-11-2019,8.436200032
01-12-2019,8.93458687
02-12-2019,8.888618807
03-12-2019,8.664232934
04-12-2019,8.500047033
05-12-2019,8.418256444
06-12-2019,8.472195825
07-12-2019,8.307212627
08-12-2019,9.886595685
09-12-2019,10.69498574
10-12-2019,9.760194383
11-12-2019,9.11007795
12-12-2019,8.799510901
13-12-2019,8.783089672
14-12-2019,8.429890863
15-12-2019,8.878776072
16-12-2019,9.759386209
17-12-2019,8.952087644
18-12-2019,8.66112036
19-12-2019,8.58485184
20-12-2019,8.396606228
21-12-2019,7.923710334
22-12-2019,8.085486772
23-12-2019,8.358900612
24-12-2019,8.303504799
25-12-2019,8.277920258
26-12-2019,8.363575703
27-12-2019,8.59822003
28-12-2019,8.081165778
29-12-2019,9.034438167
30-12-2019,10.28322451
31-12-2019,9.27322127
01-01-2020,8.7140749
02-01-2020,8.23350314
03-01-2020,7.884199934
04-01-2020,7.812782819
05-01-2020,7.931284762
06-01-2020,8.414495793
07-01-2020,8.156510226
08-01-2020,7.857093865
09-01-2020,7.909856667
10-01-2020,7.809135398
11-01-2020,7.507690078
12-01-2020,8.203851372
13-01-2020,7.821643126
14-01-2020,7.803843304
15-01-2020,7.760893196
16-01-2020,7.703459048
17-01-2020,8.06117136
18-01-2020,7.350516172
19-01-2020,7.483806688
20-01-2020,7.540621529
21-01-2020,7.696667082
22-01-2020,7.503840747
23-01-2020,7.398174093
24-01-2020,7.042286172
25-01-2020,7.052721049
26-01-2020,7.36264527
27-01-2020,7.623153068
28-01-2020,7.795234929
29-01-2020,8.426830751
30-01-2020,7.916807491
31-01-2020,7.236339343
01-02-2020,7.206377291
02-02-2020,7.556427969
03-02-2020,7.582738489
04-02-2020,7.68294317
05-02-2020,7.606884531
06-02-2020,7.703459048
07-02-2020,7.151485464
08-02-2020,7.04053639
09-02-2020,7.338888134
10-02-2020,7.484368643
11-02-2020,7.351799869
12-02-2020,7.423568444
13-02-2020,7.291656209
14-02-2020,6.816735881
15-02-2020,6.910750788
16-02-2020,7.321188557
17-02-2020,7.991592282
18-02-2020,7.712890961
19-02-2020,7.28276118
20-02-2020,7.305860033
21-02-2020,6.905753276
22-02-2020,7.873217055
23-02-2020,7.085901464
24-02-2020,7.271008538
25-02-2020,7.213768308
26-02-2020,7.166265974
27-02-2020,7.21303166
28-02-2020,6.829793738
29-02-2020,6.801283034
01-03-2020,7.157735484
02-03-2020,7.045776577
03-03-2020,7.091742115
04-03-2020,7.23417718
05-03-2020,7.280008253
06-03-2020,6.697034248
07-03-2020,7.028201432
08-03-2020,7.17472431
09-03-2020,7.22329568
10-03-2020,7.336936914
11-03-2020,7.362010551
12-03-2020,7.263329617
13-03-2020,6.811244379
14-03-2020,7.318539549
15-03-2020,7.640123173
16-03-2020,7.405495663
17-03-2020,7.572502985
18-03-2020,7.485491608
19-03-2020,7.333023014
20-03-2020,7.205635176
21-03-2020,7.090909822
22-03-2020,7.326465614
23-03-2020,7.355641103
24-03-2020,7.463363046
25-03-2020,7.567345676
26-03-2020,7.749753406
27-03-2020,7.14440718
28-03-2020,6.899723107
29-03-2020,7.331060305
30-03-2020,7.221105098
31-03-2020,7.737616283
01-04-2020,7.363279587
02-04-2020,7.290974778
03-04-2020,7.038783541
04-04-2020,6.932447892
05-04-2020,7.305860033
06-04-2020,7.686162303
07-04-2020,7.479299638
08-04-2020,7.26961675
09-04-2020,7.309212366
10-04-2020,6.74051936
11-04-2020,6.805722553
12-04-2020,7.142827401
13-04-2020,7.18690102
14-04-2020,7.140453043
15-04-2020,8.761550139
16-04-2020,8.279443488
17-04-2020,7.437206367
18-04-2020,7.160069208
19-04-2020,7.041411664
20-04-2020,7.17472431
21-04-2020,7.412764017
22-04-2020,7.25629724
23-04-2020,7.284820913
24-04-2020,6.726233402
25-04-2020,6.932447892
26-04-2020,7.074116816
27-04-2020,7.202661197
28-04-2020,7.164720379
29-04-2020,7.067319849
30-04-2020,6.906754779
01-05-2020,6.677083461
02-05-2020,6.517671273
03-05-2020,7.043159916
04-05-2020,7.043159916
05-05-2020,6.91770561
06-05-2020,7.057897937
07-05-2020,6.855408799
08-05-2020,6.643789733
09-05-2020,6.525029658
10-05-2020,6.89060912
11-05-2020,6.926577033
12-05-2020,7.00488199
13-05-2020,6.873163834
14-05-2020,6.89060912
15-05-2020,6.442540166
16-05-2020,6.835184586
17-05-2020,7.272398393
18-05-2020,7.077498054
19-05-2020,7.344072851
20-05-2020,7.291656209
21-05-2020,7.271703707
22-05-2020,7.454719949
23-05-2020,6.692083743
24-05-2020,6.963189986
25-05-2020,7.016609684
26-05-2020,6.791221463
27-05-2020,6.820016365
28-05-2020,6.618738984
29-05-2020,6.473890696
30-05-2020,6.499787041
31-05-2020,6.859614904
01-06-2020,6.881411304
02-06-2020,6.997595983
03-06-2020,7.152268856
04-06-2020,7.196686571
05-06-2020,6.708084084
06-06-2020,6.982862751
07-06-2020,7.128495946
08-06-2020,7.089243155
09-06-2020,7.198931241
10-06-2020,8.090708716
11-06-2020,7.39387829
12-06-2020,7.05012252
13-06-2020,7.19518732
14-06-2020,7.44132039
15-06-2020,7.417580402
16-06-2020,7.474204806
17-06-2020,7.392647521
18-06-2020,7.185387016
19-06-2020,6.864847778
20-06-2020,6.834108739
21-06-2020,7.28756064
22-06-2020,7.224024808
23-06-2020,7.244227516
24-06-2020,7.306531399
25-06-2020,7.317212408
26-06-2020,6.958448393
27-06-2020,6.825460036
28-06-2020,7.181591945
29-06-2020,7.276556403
30-06-2020,7.271008538
01-07-2020,7.824445931
02-07-2020,7.419380583
03-07-2020,7.007600614
04-07-2020,7.073269717
05-07-2020,7.265429723
06-07-2020,7.602401336
07-07-2020,7.557472902
08-07-2020,7.582229194
09-07-2020,7.289610521
10-07-2020,7.330405212
11-07-2020,7.221105098
12-07-2020,7.431299675
13-07-2020,7.750184162
14-07-2020,7.629975707
15-07-2020,7.730614066
16-07-2020,7.824046011
17-07-2020,7.22620901
18-07-2020,7.477038472
19-07-2020,7.863266724
20-07-2020,7.9490915
21-07-2020,7.769800996
22-07-2020,7.579678823
23-07-2020,7.549082711
24-07-2020,7.291656209
25-07-2020,7.789868559
26-07-2020,7.656810091
27-07-2020,7.534762657
28-07-2020,7.665284718
29-07-2020,8.06652149
30-07-2020,8.149312844
31-07-2020,7.725330038
01-08-2020,7.717351272
02-08-2020,7.677863501
03-08-2020,7.895063498
04-08-2020,8.079927771
05-08-2020,8.193400232
06-08-2020,8.665095821
07-08-2020,7.844632644
08-08-2020,8.779095811
09-08-2020,9.058703197
10-08-2020,8.421783007
11-08-2020,8.072155308
12-08-2020,8.40469616
13-08-2020,9.721845765
14-08-2020,8.114025442
15-08-2020,8.430763463
16-08-2020,8.548885638
17-08-2020,8.322880022
18-08-2020,8.00836557
19-08-2020,8.119993828
20-08-2020,8.58260633
21-08-2020,7.609862201
22-08-2020,8.412054873
23-08-2020,9.541010092
24-08-2020,8.559486104
25-08-2020,8.144388866
26-08-2020,7.99125393
27-08-2020,7.885329239
28-08-2020,7.459914766
29-08-2020,8.375168691
30-08-2020,8.726805608
31-08-2020,8.075271546
01-09-2020,7.800572655
02-09-2020,7.749753406
03-09-2020,7.919719761
04-09-2020,7.356279877
05-09-2020,8.173011312
06-09-2020,8.261009786
07-09-2020,7.846589975
08-09-2020,7.740229525
09-09-2020,7.830425618
10-09-2020,7.361375429
11-09-2020,8.298788394
12-09-2020,8.741775707
13-09-2020,8.39705739
14-09-2020,7.778211475
15-09-2020,7.933796875
16-09-2020,7.860185057
17-09-2020,7.942362238
18-09-2020,8.198089249
19-09-2020,8.429017501
20-09-2020,8.056743775
21-09-2020,7.811163385
22-09-2020,7.786551806
23-09-2020,8.108623268
24-09-2020,7.621195163
25-09-2020,8.092851028
26-09-2020,9.392245175
27-09-2020,8.453187861
28-09-2020,8.094378445
29-09-2020,7.99125393
30-09-2020,8.328209492
01-10-2020,7.641084249
02-10-2020,8.486321528
03-10-2020,9.16356318
04-10-2020,8.188411308
05-10-2020,7.826443135
06-10-2020,7.960672608
07-10-2020,7.672292456
08-10-2020,7.163172391
09-10-2020,7.902117546
10-10-2020,9.634300063
11-10-2020,8.848222068
12-10-2020,8.383204551
13-10-2020,8.164510269
14-10-2020,8.052933037
15-10-2020,7.56112159
16-10-2020,8.256347773
17-10-2020,8.672828483
18-10-2020,8.30647216
19-10-2020,8.058960018
20-10-2020,7.87245515
21-10-2020,8.195333667
22-10-2020,7.591357047
23-10-2020,8.021584533
24-10-2020,12.14967159
25-10-2020,11.5230441
26-10-2020,8.711772646
27-10-2020,8.05610966
28-10-2020,8.08147504
29-10-2020,7.458762692
30-10-2020,8.014004995
31-10-2020,8.496786382
01-11-2020,7.98104976
02-11-2020,7.777792626
03-11-2020,8.260234292
04-11-2020,7.866338923
05-11-2020,7.310550159
06-11-2020,7.718240952
07-11-2020,8.319473692
08-11-2020,8.236685323
09-11-2020,7.807510042
10-11-2020,7.591861715
11-11-2020,7.528869257
12-11-2020,7.171656823
13-11-2020,7.891330758
14-11-2020,8.360071436
15-11-2020,8.110427238
16-11-2020,7.775275846
17-11-2020,7.347299701
18-11-2020,7.301822342
19-11-2020,7.120444372
20-11-2020,8.878776072
21-11-2020,9.250618218
22-11-2020,9.247925132
23-11-2020,8.391403185
24-11-2020,8.004699511
25-11-2020,7.589335823
26-11-2020,7.825245291
27-11-2020,8.249313746
28-11-2020,9.295140974
29-11-2020,8.568266462
30-11-2020,8.352554369
01-12-2020,8.295798111
02-12-2020,8.290292591
03-12-2020,7.785720897
04-12-2020,8.28172399
05-12-2020,8.470730317
06-12-2020,8.135053909
07-12-2020,8.06714904
08-12-2020,8.023552392
09-12-2020,8.021912779
10-12-2020,7.817222786
11-12-2020,9.273878393
12-12-2020,10.33377535
13-12-2020,9.125871215
14-12-2020,8.891374009
